time,"NN Output Export"
1752192000,0.6565487402
1752278400,0.5360060112
1752364800,0.6010978439
1752451200,0.7302747925
1752537600,0.6922431908
1752624000,0.5593550758
1752710400,0.5697908170
1752796800,0.5994232839
1752883200,0.4641767146
1752969600,0.5889392257
1753056000,0.5310917559
1753142400,0.5665293106
1753228800,0.4931715869
1753315200,0.5144362710
1753401600,0.6419074131
1753488000,0.3847776402
1753574400,0.4848925289
1753660800,0.5036053489
1753747200,0.4700279112
1753833600,0.4671570436
1753920000,0.4498776095
1754006400,0.4749707287
1754092800,0.3613037900
1754179200,0.3489344854
1754265600,0.4126253125
1754352000,0.4247317387
1754438400,0.3970962959
1754524800,0.4979965762
1754611200,0.4408642764
1754697600,0.4561826743
1754784000,0.5500548806
1754870400,0.6201706239
1754956800,0.5145361556
1755043200,0.6271222671
1755129600,0.6137127771
1755216000,0.4698217803
1755302400,0.4122307461
1755388800,0.4363091635
1755475200,0.5570576488
1755561600,0.4730770869
1755648000,0.4344832535
1755734400,0.3969850064
1755820800,0.5811740260
1755907200,0.4171951836
1755993600,0.5361181387
1756080000,0.4881842970
1756166400,0.4134998997
1756252800,0.3960088568
1756339200,0.4065747622
1756425600,0.5211976035
1756512000,0.3588127637
1756598400,0.3893595405
1756684800,0.4737708069
1756771200,0.4833999095
1756857600,0.4346803989
1756944000,0.4749095002
1757030400,0.5627884190
1757116800,0.4036359849
1757203200,0.4598028931
1757289600,0.5584366969
1757376000,0.5378193146
1757462400,0.5640649019
1757548800,0.5491272571
1757635200,0.5839671600
1757721600,0.5212768185
1757808000,0.5296095562
1757894400,0.6119153599
1757980800,0.5455039819
1758067200,0.6117903831
1758153600,0.5287636049
1758240000,0.5131415252
1758326400,0.4513064087
1758412800,0.4788885520
1758499200,0.6130339721
1758585600,0.4535651040
1758672000,0.4702807397
1758758400,0.5401742341
1758844800,0.4040619013
1758931200,0.3472738777
1759017600,0.4545009439
1759104000,0.5681750380
1759190400,0.5055622408
1759276800,0.6179731859
1759363200,0.6053786771
1759449600,0.6505045821
1759536000,0.5173266651
1759622400,0.6920140785
1759708800,0.6178430590
1759795200,0.6305703877
1759881600,0.5714915337
1759968000,0.6048492677
1760054400,0.7409727696
1760140800,0.4812851433
1760227200,0.4914705870
1760313600,0.4227086458
1760400000,0.4981307114
1760486400,0.4138497342
1760572800,0.4526902458
1760659200,0.4512459143
1760745600,0.3018605429
1760832000,0.3978116433
1760918400,0.4271096791
1761004800,0.5285021292
1761091200,0.4302031860
1761177600,0.4153035067
1761264000,0.4355969074
1761350400,0.4050925641
1761436800,0.5732800211
1761523200,0.5736297185
1761609600,0.5096808524
1761696000,0.5565938322
1761782400,0.5418496195
1761868800,0.4796612034
1761955200,0.4107451018
1762041600,0.5189119933
1762128000,0.5841540665
1762214400,0.5901898945
1762300800,0.4511717042
1762387200,0.4259128591
1762473600,0.4782723730
1762560000,0.3712633132
1762646400,0.4699917336
1762732800,0.5140848579
1762819200,0.5073223127
1762905600,0.4696318564
1762992000,0.5685802602
1763078400,0.5490207924
1763164800,0.3510278418
1763251200,0.4544083905
1763337600,0.4937450514
1763424000,0.4393425179
1763510400,0.4212837263
1763596800,0.4672191596
1763683200,0.5341070903
1763769600,0.3188144028
1763856000,0.4136503111
1763942400,0.4460014360
1764028800,0.4281890434
1764115200,0.5017960165
1764201600,0.4853497668
1764288000,0.5335207012
1764374400,0.4750676540
1764460800,0.5513164854
1764547200,0.6520175537
1764633600,0.5796609480
1764720000,0.5904602880
1764806400,0.5723382956
1764892800,0.5771685648
1764979200,0.4922238778
1765065600,0.5681216136
1765152000,0.5544499875
1765238400,0.6120210453
1765324800,0.5745109039
1765411200,0.5873072607
1765497600,0.5545957279
1765584000,0.4672546616
1765670400,0.5426844039
1765756800,0.5746459434
1765843200,0.4862968058
1765929600,0.4905020089
1766016000,0.5108662154
1766102400,0.4953587127
1766188800,0.4007036467
1766275200,0.4903324044
1766361600,0.5704063451
1766448000,0.5065147516
1766534400,0.4522327256
1766620800,0.4578754084
1766707200,0.5707825328
1766793600,0.4183418670
1766880000,0.4674589605
1766966400,0.6048120604
1767052800,0.5077951966
1767139200,0.5121954948
1767225600,0.4867601083
1767312000,0.6543579407
1767398400,0.5172017503
1767484800,0.6143251874
1767571200,0.7166833348
1767657600,0.6369466300
1767744000,0.5981437350
1767830400,0.6067777890
1767916800,0.5801820539
1768003200,0.4610660000
1768089600,0.5396673183
1768176000,0.6080322015
1768262400,0.6668183693
1768348800,0.6353252650
1768435200,0.6212306748
1768521600,0.5351214372
1768608000,0.4913261895
1768694400,0.5677039272
1768780800,0.6033384596
1768867200,0.5726572648
1768953600,0.4600517086
1769040000,0.3864297738
1769126400,0.4434718679
1769212800,0.3537933699
1769299200,0.4958489399
1769385600,0.4625359958
1769472000,0.4247063820
1769558400,0.4569268096
1769644800,0.5810043260
1769731200,0.5030278326
1769817600,0.4994477677
1769904000,0.3783279528
1769990400,0.4778931528
1770076800,0.4212711221
1770163200,0.4056175570
1770249600,0.5639958666
1770336000,0.4759689706
1770422400,0.3294738408
1770508800,0.3137200859
1770595200,0.4018024806
1770681600,0.3779788168
1770768000,0.4500007899
1770854400,0.4141904891
1770940800,0.4331620343
1771027200,0.4523749199
1771113600,0.5048748240
1771200000,0.4607820102
1771286400,0.5071557211
1771372800,0.4978491466
1771459200,0.4858846549
1771545600,0.6092571528
1771632000,0.4628349422
1771718400,0.5221744085
1771804800,0.6258591856
1771891200,0.5005031380
1771977600,0.6103351695
1772064000,0.5391790306
1772150400,0.5614266506
1772236800,0.5635656698
1772323200,0.5590808397
1772409600,0.6507829032
1772496000,0.5851140512
1772582400,0.7473043157
1772668800,0.6214717935
1772755200,0.6037331695
1772841600,0.5276880818
1772928000,0.5934697998
1773014400,0.5915110016
1773100800,0.5950415902
1773187200,0.5596794793
1773273600,0.5533578501
1773360000,0.6329095297
1773446400,0.5091611074
1773532800,0.5798180911
1773619200,0.6842373079
1773705600,0.6035316041
1773792000,0.5882864365
1773878400,0.5485975141
1773964800,0.4941737732
1774051200,0.4654967760
1774137600,0.4668613539
1774224000,0.5775007819
1774310400,0.4780426254
1774396800,0.4851163538
1774483200,0.5049555381
1774569600,0.5014440886
1774656000,0.3759450678
1774742400,0.4001367195
1774828800,0.4679733566
1774915200,0.4757827858
1775001600,0.4522139749
1775088000,0.4759976795
1775174400,0.4034224171
1775260800,0.4085182665
1775347200,0.5200360975
1775433600,0.5599954911
1775520000,0.6017930186
1775606400,0.5585124645
1775692800,0.5594040472
1775779200,0.5767399774
1775865600,0.5183553933
1775952000,0.5875821666
1776038400,0.6675569415
1776124800,0.6130706146
1776211200,0.5378707588
1776297600,0.5830137140
1776384000,0.6509153269
1776470400,0.5173609872
1776556800,0.5571935300
1776643200,0.5835997553
1776729600,0.5296068455
1776816000,0.5960076687
1776902400,0.5468829305
1776988800,0.5258111939
1777075200,0.4652180440
1777161600,0.5435428718
1777248000,0.5996785855
1777334400,0.5006142261
1777420800,0.5349984759
1777507200,0.4364825319
1777593600,0.5587203861
1777680000,0.4405981918
1777766400,0.5017589916
1777852800,0.6405745127
1777939200,0.5384240015
1778025600,0.5756580038
1778112000,0.5455428702
1778198400,0.5289746530
1778284800,0.4688095621
1778371200,0.5806528973
1778457600,0.5459912220
1778544000,0.5249347564
1778630400,0.5296425130
1778716800,0.5567175383
1778803200,0.4958994232
1778889600,0.4391892423
1778976000,0.4112161574
1779062400,0.5197186841
1779148800,0.4021551928
1779235200,0.4113001655
1779321600,0.4136767124
1779408000,0.4125011103
1779494400,0.4517046454
1779580800,0.3879455638
1779667200,0.4185816320
1779753600,0.5316867632
1779840000,0.4605493600
1779926400,0.4851658257
1780012800,0.4468481414
1780099200,0.3610427095
1780185600,0.3980735390
1780272000,0.5317836761
1780358400,0.5048027137
1780444800,0.4226068046
1780531200,0.4694482892
1780617600,0.4803510590
1780704000,0.3102210733
1780790400,0.4000911077
1780876800,0.3709034552
1780963200,0.3920330702
1781049600,0.3750525266
1781136000,0.4357179088
1781222400,0.4365412498
1781308800,0.4277453564
1781395200,0.5128073931
1781481600,0.5500518914
1781568000,0.5186581188
1781654400,0.5678721182
1781740800,0.5294153994
1781827200,0.4886502268
1781913600,0.4788247555
1782000000,0.4869472421
1782086400,0.5704680695
1782172800,0.5451676828
1782259200,0.5689374319
1782345600,0.5192717163
1782432000,0.4721833991
1782518400,0.3937618480
1782604800,0.4298800980
1782691200,0.5304284511
1782777600,0.4727029006
1782864000,0.5174695650
1782950400,0.5111787167
1783036800,0.4970268904
1783123200,0.4974442453
1783209600,0.5365302044
1783296000,0.6438353913
1783382400,0.5649293690
1783468800,0.5759649231
1783555200,0.5483204069
1783641600,0.5706434885
