DATE,SKEW
2018-01-02,135.370000
2018-01-03,133.430000
2018-01-04,131.240000
2018-01-05,127.030000
2018-01-08,128.000000
2018-01-09,126.370000
2018-01-10,129.120000
2018-01-11,126.100000
2018-01-12,124.950000
2018-01-16,128.650000
2018-01-17,136.190000
2018-01-18,131.410000
2018-01-19,132.280000
2018-01-22,127.180000
2018-01-23,122.950000
2018-01-24,120.200000
2018-01-25,121.870000
2018-01-26,117.990000
2018-01-29,118.800000
2018-01-30,122.850000
2018-01-31,121.230000
2018-02-01,120.590000
2018-02-02,126.450000
2018-02-05,117.330000
2018-02-06,129.610000
2018-02-07,136.900000
2018-02-08,130.920000
2018-02-09,128.510000
2018-02-12,148.020000
2018-02-13,143.070000
2018-02-14,127.840000
2018-02-15,131.670000
2018-02-16,137.800000
2018-02-20,131.630000
2018-02-21,130.030000
2018-02-22,134.310000
2018-02-23,139.200000
2018-02-26,131.720000
2018-02-27,132.270000
2018-02-28,138.950000
2018-03-01,136.540000
2018-03-02,127.480000
2018-03-05,130.120000
2018-03-06,128.410000
2018-03-07,128.170000
2018-03-08,129.620000
2018-03-09,127.790000
2018-03-12,141.980000
2018-03-13,140.430000
2018-03-14,141.660000
2018-03-15,146.550000
2018-03-16,147.350000
2018-03-19,143.960000
2018-03-20,139.520000
2018-03-21,133.690000
2018-03-22,131.520000
2018-03-23,130.790000
2018-03-26,128.960000
2018-03-27,128.650000
2018-03-28,128.330000
2018-03-29,119.340000
2018-04-02,119.680000
2018-04-03,118.380000
2018-04-04,119.230000
2018-04-05,121.510000
2018-04-06,122.390000
2018-04-09,119.900000
2018-04-10,121.250000
2018-04-11,122.270000
2018-04-12,122.290000
2018-04-13,126.000000
2018-04-16,131.470000
2018-04-17,130.570000
2018-04-18,146.260000
2018-04-19,138.200000
2018-04-20,133.070000
2018-04-23,126.480000
2018-04-24,126.500000
2018-04-25,124.290000
2018-04-26,127.080000
2018-04-27,128.400000
2018-04-30,130.770000
2018-05-01,128.210000
2018-05-02,122.420000
2018-05-03,126.790000
2018-05-04,127.370000
2018-05-07,123.040000
2018-05-08,125.100000
2018-05-09,126.050000
2018-05-10,129.350000
2018-05-11,131.590000
2018-05-14,133.970000
2018-05-15,136.760000
2018-05-16,134.450000
2018-05-17,134.780000
2018-05-18,133.320000
2018-05-21,134.020000
2018-05-22,134.610000
2018-05-23,135.610000
2018-05-24,139.240000
2018-05-25,140.780000
2018-05-29,141.840000
2018-05-30,143.890000
2018-05-31,140.070000
2018-06-01,134.530000
2018-06-04,132.700000
2018-06-05,132.580000
2018-06-06,136.570000
2018-06-07,133.840000
2018-06-08,133.110000
2018-06-11,138.930000
2018-06-12,142.820000
2018-06-13,141.740000
2018-06-14,142.390000
2018-06-15,140.920000
2018-06-18,140.920000
2018-06-19,139.350000
2018-06-20,140.820000
2018-06-21,139.940000
2018-06-22,140.540000
2018-06-25,134.660000
2018-06-26,134.920000
2018-06-27,131.300000
2018-06-28,136.340000
2018-06-29,141.720000
2018-07-02,140.890000
2018-07-03,134.570000
2018-07-05,139.860000
2018-07-06,141.020000
2018-07-09,138.960000
2018-07-10,139.260000
2018-07-11,136.850000
2018-07-12,138.220000
2018-07-13,142.480000
2018-07-16,148.160000
2018-07-17,149.580000
2018-07-18,154.250000
2018-07-19,150.980000
2018-07-20,152.720000
2018-07-23,153.780000
2018-07-24,145.940000
2018-07-25,145.090000
2018-07-26,142.180000
2018-07-27,144.570000
2018-07-30,141.570000
2018-07-31,144.490000
2018-08-01,142.770000
2018-08-02,143.830000
2018-08-03,146.190000
2018-08-06,142.010000
2018-08-07,138.940000
2018-08-08,139.840000
2018-08-09,138.610000
2018-08-10,149.200000
2018-08-13,159.030000
2018-08-14,152.410000
2018-08-15,148.400000
2018-08-16,148.450000
2018-08-17,146.010000
2018-08-20,145.550000
2018-08-21,144.700000
2018-08-22,143.750000
2018-08-23,147.380000
2018-08-24,148.200000
2018-08-27,144.850000
2018-08-28,140.880000
2018-08-29,140.760000
2018-08-30,141.820000
2018-08-31,146.910000
2018-09-04,142.180000
2018-09-05,142.220000
2018-09-06,140.560000
2018-09-07,145.870000
2018-09-10,144.880000
2018-09-11,147.880000
2018-09-12,148.750000
2018-09-13,150.640000
2018-09-14,151.590000
2018-09-17,150.950000
2018-09-18,151.370000
2018-09-19,145.190000
2018-09-20,144.840000
2018-09-21,141.550000
2018-09-24,138.840000
2018-09-25,137.680000
2018-09-26,140.980000
2018-09-27,142.100000
2018-09-28,144.430000
2018-10-01,141.520000
2018-10-02,137.980000
2018-10-03,136.330000
2018-10-04,136.730000
2018-10-05,130.280000
2018-10-08,129.640000
2018-10-09,128.980000
2018-10-10,127.650000
2018-10-11,130.850000
2018-10-12,125.510000
2018-10-15,128.320000
2018-10-16,132.150000
2018-10-17,130.650000
2018-10-18,125.960000
2018-10-19,124.940000
2018-10-22,125.680000
2018-10-23,126.540000
2018-10-24,128.910000
2018-10-25,125.260000
2018-10-26,121.700000
2018-10-29,120.830000
2018-10-30,118.110000
2018-10-31,117.640000
2018-11-01,118.280000
2018-11-02,115.730000
2018-11-05,118.890000
2018-11-06,119.930000
2018-11-07,120.560000
2018-11-08,121.850000
2018-11-09,120.060000
2018-11-12,121.350000
2018-11-13,122.060000
2018-11-14,120.680000
2018-11-15,120.760000
2018-11-16,118.710000
2018-11-19,115.790000
2018-11-20,119.550000
2018-11-21,119.310000
2018-11-23,117.210000
2018-11-26,117.570000
2018-11-27,115.830000
2018-11-28,115.960000
2018-11-29,115.490000
2018-11-30,114.710000
2018-12-04,117.760000
2018-12-06,116.680000
2018-12-07,114.300000
2018-12-10,117.640000
2018-12-11,116.800000
2018-12-12,116.780000
2018-12-13,117.030000
2018-12-14,118.600000
2018-12-17,123.960000
2018-12-18,124.230000
2018-12-19,125.380000
2018-12-20,124.070000
2018-12-21,122.170000
2018-12-24,118.270000
2018-12-26,116.470000
2018-12-27,115.180000
2018-12-28,117.260000
2018-12-31,117.800000
2019-01-02,116.060000
2019-01-03,112.220000
2019-01-04,111.440000
2019-01-07,113.560000
2019-01-08,115.300000
2019-01-09,117.010000
2019-01-10,117.720000
2019-01-11,119.090000
2019-01-14,125.200000
2019-01-15,126.870000
2019-01-16,131.660000
2019-01-17,133.020000
2019-01-18,131.190000
2019-01-22,122.820000
2019-01-23,123.880000
2019-01-24,130.920000
2019-01-25,126.110000
2019-01-28,123.060000
2019-01-29,121.900000
2019-01-30,123.280000
2019-01-31,126.530000
2019-02-01,126.030000
2019-02-04,128.400000
2019-02-05,123.420000
2019-02-06,123.720000
2019-02-07,124.450000
2019-02-08,127.720000
2019-02-11,129.190000
2019-02-12,128.600000
2019-02-13,127.120000
2019-02-14,126.890000
2019-02-15,129.550000
2019-02-19,124.680000
2019-02-20,123.390000
2019-02-21,122.420000
2019-02-22,121.080000
2019-02-25,127.670000
2019-02-26,125.530000
2019-02-27,126.440000
2019-02-28,128.850000
2019-03-01,126.970000
2019-03-04,125.040000
2019-03-05,126.400000
2019-03-06,125.800000
2019-03-07,123.140000
2019-03-08,125.730000
2019-03-11,132.930000
2019-03-12,130.170000
2019-03-13,132.570000
2019-03-14,130.570000
2019-03-15,128.760000
2019-03-18,127.100000
2019-03-19,123.130000
2019-03-20,120.590000
2019-03-21,120.670000
2019-03-22,117.550000
2019-03-25,117.600000
2019-03-26,117.800000
2019-03-27,117.660000
2019-03-28,119.250000
2019-03-29,120.960000
2019-04-01,126.770000
2019-04-02,127.310000
2019-04-03,125.960000
2019-04-04,126.230000
2019-04-05,128.750000
2019-04-08,129.130000
2019-04-09,127.660000
2019-04-10,127.610000
2019-04-11,126.230000
2019-04-12,124.220000
2019-04-15,127.690000
2019-04-16,125.810000
2019-04-17,125.780000
2019-04-18,123.600000
2019-04-22,124.240000
2019-04-23,124.650000
2019-04-24,123.810000
2019-04-25,124.180000
2019-04-26,126.290000
2019-04-29,125.790000
2019-04-30,126.470000
2019-05-01,125.320000
2019-05-02,124.590000
2019-05-03,122.220000
2019-05-06,123.230000
2019-05-07,116.880000
2019-05-08,117.790000
2019-05-09,117.680000
2019-05-10,118.540000
2019-05-13,119.360000
2019-05-14,119.950000
2019-05-15,120.870000
2019-05-16,121.090000
2019-05-17,118.690000
2019-05-20,115.250000
2019-05-21,117.170000
2019-05-22,115.420000
2019-05-23,114.710000
2019-05-24,114.120000
2019-05-28,112.580000
2019-05-29,111.930000
2019-05-30,112.680000
2019-05-31,112.650000
2019-06-03,112.320000
2019-06-04,112.740000
2019-06-05,112.910000
2019-06-06,113.890000
2019-06-07,114.670000
2019-06-10,114.380000
2019-06-11,113.810000
2019-06-12,114.660000
2019-06-13,113.330000
2019-06-14,113.160000
2019-06-17,115.300000
2019-06-18,116.210000
2019-06-19,115.930000
2019-06-20,119.230000
2019-06-21,118.460000
2019-06-24,117.090000
2019-06-25,116.830000
2019-06-26,117.160000
2019-06-27,117.500000
2019-06-28,118.120000
2019-07-01,119.860000
2019-07-02,122.140000
2019-07-03,120.820000
2019-07-08,121.420000
2019-07-09,120.440000
2019-07-10,120.660000
2019-07-11,122.450000
2019-07-12,123.650000
2019-07-15,126.220000
2019-07-16,125.150000
2019-07-17,123.980000
2019-07-18,125.420000
2019-07-19,125.500000
2019-07-22,125.360000
2019-07-23,124.650000
2019-07-24,123.080000
2019-07-25,121.880000
2019-07-26,123.270000
2019-07-29,125.100000
2019-07-30,121.940000
2019-07-31,121.710000
2019-08-01,117.070000
2019-08-02,117.250000
2019-08-05,113.300000
2019-08-06,114.200000
2019-08-07,113.960000
2019-08-08,117.710000
2019-08-09,116.340000
2019-08-12,115.150000
2019-08-13,117.580000
2019-08-14,113.480000
2019-08-15,112.520000
2019-08-16,115.840000
2019-08-19,116.480000
2019-08-20,114.780000
2019-08-21,114.480000
2019-08-22,114.460000
2019-08-23,112.620000
2019-08-26,113.070000
2019-08-27,111.760000
2019-08-28,113.650000
2019-08-29,115.020000
2019-08-30,115.370000
2019-09-03,114.680000
2019-09-04,115.990000
2019-09-05,118.580000
2019-09-06,118.870000
2019-09-09,118.790000
2019-09-10,119.010000
2019-09-11,119.950000
2019-09-12,119.950000
2019-09-13,118.400000
2019-09-16,119.160000
2019-09-17,117.940000
2019-09-18,118.090000
2019-09-19,118.770000
2019-09-20,117.500000
2019-09-23,118.780000
2019-09-24,118.010000
2019-09-25,117.980000
2019-09-26,117.510000
2019-09-27,116.610000
2019-09-30,117.670000
2019-10-01,114.010000
2019-10-02,111.470000
2019-10-03,112.440000
2019-10-04,114.540000
2019-10-07,118.760000
2019-10-08,118.420000
2019-10-09,119.950000
2019-10-10,120.850000
2019-10-11,122.400000
2019-10-14,124.850000
2019-10-15,127.170000
2019-10-16,125.530000
2019-10-17,128.010000
2019-10-18,126.240000
2019-10-21,128.440000
2019-10-22,125.790000
2019-10-23,127.920000
2019-10-24,125.220000
2019-10-25,125.700000
2019-10-28,125.260000
2019-10-29,127.290000
2019-10-30,129.640000
2019-10-31,130.710000
2019-11-01,126.880000
2019-11-04,129.740000
2019-11-05,126.780000
2019-11-06,125.200000
2019-11-07,124.680000
2019-11-08,123.300000
2019-11-11,123.850000
2019-11-12,123.180000
2019-11-13,124.610000
2019-11-14,126.280000
2019-11-15,124.950000
2019-11-18,126.590000
2019-11-19,127.460000
2019-11-20,125.640000
2019-11-21,124.870000
2019-11-22,125.530000
2019-11-25,128.650000
2019-11-26,130.280000
2019-11-27,130.370000
2019-11-29,129.830000
2019-12-02,126.350000
2019-12-03,122.780000
2019-12-04,123.310000
2019-12-05,123.640000
2019-12-06,131.480000
2019-12-09,136.560000
2019-12-10,135.000000
2019-12-11,134.370000
2019-12-12,132.680000
2019-12-13,144.510000
2019-12-16,143.850000
2019-12-17,137.480000
2019-12-18,144.560000
2019-12-19,150.140000
2019-12-20,147.170000
2019-12-23,143.910000
2019-12-24,143.870000
2019-12-26,143.070000
2019-12-27,140.290000
2019-12-30,133.560000
2019-12-31,139.520000
2020-01-02,137.700000
2020-01-03,133.460000
2020-01-06,132.510000
2020-01-07,129.780000
2020-01-08,136.420000
2020-01-09,133.470000
2020-01-10,128.150000
2020-01-13,131.270000
2020-01-14,130.820000
2020-01-15,135.530000
2020-01-16,133.130000
2020-01-17,134.620000
2020-01-21,132.700000
2020-01-22,129.930000
2020-01-23,131.760000
2020-01-24,127.020000
2020-01-27,127.210000
2020-01-28,125.610000
2020-01-29,125.150000
2020-01-30,129.950000
2020-01-31,135.730000
2020-02-03,127.700000
2020-02-04,128.650000
2020-02-05,129.780000
2020-02-06,134.480000
2020-02-07,132.210000
2020-02-10,133.290000
2020-02-11,132.950000
2020-02-12,133.200000
2020-02-13,133.040000
2020-02-14,132.670000
2020-02-18,137.660000
2020-02-19,141.810000
2020-02-20,137.120000
2020-02-21,135.140000
2020-02-24,130.480000
2020-02-25,130.790000
2020-02-26,130.650000
2020-02-27,128.930000
2020-02-28,130.820000
2020-03-02,126.840000
2020-03-03,123.060000
2020-03-04,127.380000
2020-03-05,123.610000
2020-03-06,126.080000
2020-03-09,121.570000
2020-03-10,121.380000
2020-03-11,121.720000
2020-03-12,115.790000
2020-03-13,132.370000
2020-03-16,114.660000
2020-03-17,116.670000
2020-03-18,113.540000
2020-03-19,115.440000
2020-03-20,118.120000
2020-03-23,117.050000
2020-03-24,117.750000
2020-03-25,116.600000
2020-03-26,118.970000
2020-03-27,117.410000
2020-03-30,122.180000
2020-03-31,125.490000
2020-04-01,115.480000
2020-04-02,118.430000
2020-04-03,120.570000
2020-04-06,121.010000
2020-04-07,118.480000
2020-04-08,119.300000
2020-04-09,120.850000
2020-04-13,119.600000
2020-04-14,122.330000
2020-04-15,122.420000
2020-04-16,122.330000
2020-04-17,126.430000
2020-04-20,125.340000
2020-04-21,123.710000
2020-04-22,126.190000
2020-04-23,125.220000
2020-04-24,126.510000
2020-04-27,129.290000
2020-04-28,129.230000
2020-04-29,132.600000
2020-04-30,130.380000
2020-05-01,129.970000
2020-05-04,131.290000
2020-05-05,128.260000
2020-05-06,128.590000
2020-05-07,130.670000
2020-05-08,132.210000
2020-05-11,129.100000
2020-05-12,125.970000
2020-05-13,123.430000
2020-05-14,124.350000
2020-05-15,124.470000
2020-05-18,129.230000
2020-05-19,127.480000
2020-05-20,125.950000
2020-05-21,124.530000
2020-05-22,125.780000
2020-05-26,129.110000
2020-05-27,129.960000
2020-05-28,130.780000
2020-05-29,131.720000
2020-06-01,132.090000
2020-06-02,132.610000
2020-06-03,131.500000
2020-06-04,130.770000
2020-06-05,129.870000
2020-06-08,129.110000
2020-06-09,124.930000
2020-06-10,127.740000
2020-06-11,131.290000
2020-06-12,133.540000
2020-06-15,137.330000
2020-06-16,133.850000
2020-06-17,135.490000
2020-06-18,134.900000
2020-06-19,125.380000
2020-06-22,135.540000
2020-06-23,135.200000
2020-06-24,134.050000
2020-06-25,131.920000
2020-06-26,137.470000
2020-06-29,135.750000
2020-06-30,148.270000
2020-07-01,142.440000
2020-07-02,146.340000
2020-07-06,140.980000
2020-07-07,138.340000
2020-07-08,144.460000
2020-07-09,138.840000
2020-07-10,135.680000
2020-07-13,128.520000
2020-07-14,131.100000
2020-07-15,146.530000
2020-07-16,142.440000
2020-07-17,140.810000
2020-07-20,145.900000
2020-07-21,134.840000
2020-07-22,140.390000
2020-07-23,140.740000
2020-07-24,139.400000
2020-07-27,139.610000
2020-07-28,139.640000
2020-07-29,140.860000
2020-07-30,138.990000
2020-07-31,141.560000
2020-08-03,141.770000
2020-08-04,141.640000
2020-08-05,139.590000
2020-08-06,141.750000
2020-08-07,139.750000
2020-08-10,137.500000
2020-08-11,136.390000
2020-08-12,137.010000
2020-08-13,136.110000
2020-08-14,136.820000
2020-08-17,137.450000
2020-08-18,138.080000
2020-08-19,138.200000
2020-08-20,144.050000
2020-08-21,146.730000
2020-08-24,147.230000
2020-08-25,146.530000
2020-08-26,142.090000
2020-08-27,145.070000
2020-08-28,145.730000
2020-08-31,144.670000
2020-09-01,142.280000
2020-09-02,141.100000
2020-09-03,144.660000
2020-09-04,133.280000
2020-09-08,132.510000
2020-09-09,133.200000
2020-09-10,130.160000
2020-09-11,125.420000
2020-09-14,130.950000
2020-09-15,132.950000
2020-09-16,136.060000
2020-09-17,139.410000
2020-09-18,132.090000
2020-09-21,130.640000
2020-09-22,130.080000
2020-09-23,129.840000
2020-09-24,129.170000
2020-09-25,129.260000
2020-09-28,126.690000
2020-09-29,123.930000
2020-09-30,120.940000
2020-10-01,117.780000
2020-10-02,119.120000
2020-10-05,119.530000
2020-10-06,120.050000
2020-10-07,120.600000
2020-10-08,121.810000
2020-10-09,121.930000
2020-10-12,123.940000
2020-10-13,122.540000
2020-10-14,122.600000
2020-10-15,123.470000
2020-10-16,123.700000
2020-10-19,124.750000
2020-10-20,125.310000
2020-10-21,124.380000
2020-10-22,124.940000
2020-10-23,126.700000
2020-10-26,126.050000
2020-10-27,127.580000
2020-10-28,129.300000
2020-10-29,128.050000
2020-10-30,129.010000
2020-11-02,133.860000
2020-11-03,136.440000
2020-11-04,133.320000
2020-11-05,127.650000
2020-11-06,124.560000
2020-11-09,127.410000
2020-11-10,126.300000
2020-11-11,129.470000
2020-11-12,131.420000
2020-11-13,129.330000
2020-11-16,129.560000
2020-11-17,128.910000
2020-11-18,133.590000
2020-11-19,133.550000
2020-11-20,133.540000
2020-11-23,134.260000
2020-11-24,134.190000
2020-11-25,133.900000
2020-11-27,132.430000
2020-11-30,133.950000
2020-12-01,132.600000
2020-12-02,134.610000
2020-12-03,132.460000
2020-12-04,133.080000
2020-12-07,132.440000
2020-12-08,134.900000
2020-12-09,135.750000
2020-12-10,135.710000
2020-12-11,139.920000
2020-12-14,139.290000
2020-12-15,138.950000
2020-12-16,144.790000
2020-12-17,147.070000
2020-12-18,147.020000
2020-12-21,146.530000
2020-12-22,146.270000
2020-12-23,147.390000
2020-12-24,148.270000
2020-12-28,145.300000
2020-12-29,142.740000
2020-12-30,143.030000
2020-12-31,147.830000
2021-01-04,143.840000
2021-01-05,145.500000
2021-01-06,147.060000
2021-01-07,145.920000
2021-01-08,139.250000
2021-01-11,134.700000
2021-01-12,139.990000
2021-01-13,139.930000
2021-01-14,138.060000
2021-01-15,136.700000
2021-01-19,141.320000
2021-01-20,146.660000
2021-01-21,144.200000
2021-01-22,145.550000
2021-01-25,145.560000
2021-01-26,143.310000
2021-01-27,137.930000
2021-01-28,145.840000
2021-01-29,134.300000
2021-02-01,141.630000
2021-02-02,141.150000
2021-02-03,136.590000
2021-02-04,136.010000
2021-02-05,135.090000
2021-02-08,136.650000
2021-02-09,140.060000
2021-02-10,139.330000
2021-02-11,137.600000
2021-02-12,137.660000
2021-02-16,140.170000
2021-02-17,144.450000
2021-02-18,142.550000
2021-02-19,141.530000
2021-02-22,138.820000
2021-02-23,136.640000
2021-02-24,138.520000
2021-02-25,142.070000
2021-02-26,136.230000
2021-03-01,141.330000
2021-03-02,141.680000
2021-03-03,140.530000
2021-03-04,137.190000
2021-03-05,135.900000
2021-03-08,137.010000
2021-03-09,134.450000
2021-03-10,138.570000
2021-03-11,139.610000
2021-03-12,140.290000
2021-03-15,141.260000
2021-03-16,142.560000
2021-03-17,143.190000
2021-03-18,148.110000
2021-03-19,141.470000
2021-03-22,146.140000
2021-03-23,143.440000
2021-03-24,143.700000
2021-03-25,140.860000
2021-03-26,145.460000
2021-03-29,143.670000
2021-03-30,142.200000
2021-03-31,140.930000
2021-04-01,136.290000
2021-04-05,139.630000
2021-04-06,142.440000
2021-04-07,140.600000
2021-04-08,139.040000
2021-04-09,132.880000
2021-04-12,134.290000
2021-04-13,134.720000
2021-04-14,137.670000
2021-04-15,139.290000
2021-04-16,138.330000
2021-04-19,137.150000
2021-04-20,134.870000
2021-04-21,139.430000
2021-04-22,138.090000
2021-04-23,140.090000
2021-04-26,139.090000
2021-04-27,139.130000
2021-04-28,139.370000
2021-04-29,139.300000
2021-04-30,146.320000
2021-05-03,143.750000
2021-05-04,139.230000
2021-05-05,142.120000
2021-05-06,144.470000
2021-05-07,145.760000
2021-05-10,142.720000
2021-05-11,140.120000
2021-05-12,142.600000
2021-05-13,139.260000
2021-05-14,139.050000
2021-05-17,138.350000
2021-05-18,139.460000
2021-05-19,143.750000
2021-05-20,142.960000
2021-05-21,144.510000
2021-05-24,144.640000
2021-05-25,144.600000
2021-05-26,149.820000
2021-05-27,149.350000
2021-05-28,155.310000
2021-06-01,149.040000
2021-06-02,148.590000
2021-06-03,145.210000
2021-06-04,147.760000
2021-06-07,151.290000
2021-06-08,150.700000
2021-06-09,150.710000
2021-06-10,154.810000
2021-06-11,159.280000
2021-06-14,160.640000
2021-06-15,161.350000
2021-06-16,155.970000
2021-06-17,161.010000
2021-06-18,150.780000
2021-06-21,158.360000
2021-06-22,160.510000
2021-06-23,154.850000
2021-06-24,161.040000
2021-06-25,170.550000
2021-06-28,162.090000
2021-06-29,163.840000
2021-06-30,161.850000
2021-07-01,155.650000
2021-07-02,157.940000
2021-07-06,153.750000
2021-07-07,152.150000
2021-07-08,152.820000
2021-07-09,155.700000
2021-07-12,157.930000
2021-07-13,154.400000
2021-07-14,154.310000
2021-07-15,154.150000
2021-07-16,151.940000
2021-07-19,155.740000
2021-07-20,154.500000
2021-07-21,155.340000
2021-07-22,152.630000
2021-07-23,159.440000
2021-07-26,153.200000
2021-07-27,151.040000
2021-07-28,152.230000
2021-07-29,149.960000
2021-07-30,153.710000
2021-08-02,153.300000
2021-08-03,152.560000
2021-08-04,151.400000
2021-08-05,150.260000
2021-08-06,150.960000
2021-08-09,153.130000
2021-08-10,153.330000
2021-08-11,154.320000
2021-08-12,157.180000
2021-08-13,159.660000
2021-08-16,152.540000
2021-08-17,149.050000
2021-08-18,148.540000
2021-08-19,151.190000
2021-08-20,153.510000
2021-08-23,159.020000
2021-08-24,157.130000
2021-08-25,159.510000
2021-08-26,157.250000
2021-08-27,162.430000
2021-08-30,157.990000
2021-08-31,155.910000
2021-09-01,154.750000
2021-09-02,156.980000
2021-09-03,162.270000
2021-09-07,154.760000
2021-09-08,153.390000
2021-09-09,149.970000
2021-09-10,151.160000
2021-09-13,148.500000
2021-09-14,146.730000
2021-09-15,154.330000
2021-09-16,152.880000
2021-09-17,149.520000
2021-09-20,141.570000
2021-09-21,139.980000
2021-09-22,144.120000
2021-09-23,146.870000
2021-09-24,145.670000
2021-09-27,144.660000
2021-09-28,140.080000
2021-09-29,137.990000
2021-09-30,135.550000
2021-10-01,135.050000
2021-10-04,130.870000
2021-10-05,131.680000
2021-10-06,131.510000
2021-10-07,133.320000
2021-10-08,134.460000
2021-10-11,134.700000
2021-10-12,134.100000
2021-10-13,135.770000
2021-10-14,143.780000
2021-10-15,147.270000
2021-10-18,143.770000
2021-10-19,141.010000
2021-10-20,141.230000
2021-10-21,140.940000
2021-10-22,139.340000
2021-10-25,140.940000
2021-10-26,141.300000
2021-10-27,140.600000
2021-10-28,144.730000
2021-10-29,148.090000
2021-11-01,145.810000
2021-11-02,146.680000
2021-11-03,149.770000
2021-11-04,151.670000
2021-11-05,148.830000
2021-11-08,149.240000
2021-11-09,144.090000
2021-11-10,144.890000
2021-11-11,144.030000
2021-11-12,144.370000
2021-11-15,142.380000
2021-11-16,139.560000
2021-11-17,141.960000
2021-11-18,144.800000
2021-11-19,148.440000
2021-11-22,147.440000
2021-11-23,146.990000
2021-11-24,148.150000
2021-11-26,148.270000
2021-11-29,149.930000
2021-11-30,150.550000
2021-12-01,155.210000
2021-12-02,151.380000
2021-12-03,149.640000
2021-12-06,151.640000
2021-12-07,151.660000
2021-12-08,151.200000
2021-12-09,149.660000
2021-12-10,147.340000
2021-12-13,146.070000
2021-12-14,137.760000
2021-12-15,141.750000
2021-12-16,140.290000
2021-12-17,134.940000
2021-12-20,131.710000
2021-12-21,136.330000
2021-12-22,142.040000
2021-12-23,150.260000
2021-12-27,151.870000
2021-12-28,153.210000
2021-12-29,156.240000
2021-12-30,155.270000
2021-12-31,154.380000
2022-01-03,151.490000
2022-01-04,150.360000
2022-01-05,143.410000
2022-01-06,140.770000
2022-01-07,139.140000
2022-01-10,139.240000
2022-01-11,138.090000
2022-01-12,135.730000
2022-01-13,133.130000
2022-01-14,133.850000
2022-01-18,129.720000
2022-01-19,134.730000
2022-01-20,127.580000
2022-01-21,136.180000
2022-01-24,136.060000
2022-01-25,133.900000
2022-01-26,133.380000
2022-01-27,132.220000
2022-01-28,132.960000
2022-01-31,131.440000
2022-02-01,133.000000
2022-02-02,132.050000
2022-02-03,132.750000
2022-02-04,129.290000
2022-02-07,126.250000
2022-02-08,127.720000
2022-02-09,129.780000
2022-02-10,128.110000
2022-02-11,126.810000
2022-02-14,128.120000
2022-02-15,129.760000
2022-02-16,132.750000
2022-02-17,131.310000
2022-02-18,128.360000
2022-02-22,128.330000
2022-02-23,126.880000
2022-02-24,130.480000
2022-02-25,132.510000
2022-02-28,137.360000
2022-03-01,134.420000
2022-03-02,136.110000
2022-03-03,133.280000
2022-03-04,134.980000
2022-03-07,136.690000
2022-03-08,135.250000
2022-03-09,134.120000
2022-03-10,130.940000
2022-03-11,130.700000
2022-03-14,131.810000
2022-03-15,130.660000
2022-03-16,132.000000
2022-03-17,134.930000
2022-03-18,136.640000
2022-03-21,135.730000
2022-03-22,139.720000
2022-03-23,136.710000
2022-03-24,138.390000
2022-03-25,140.260000
2022-03-28,138.870000
2022-03-29,140.000000
2022-03-30,139.280000
2022-03-31,140.730000
2022-04-01,145.510000
2022-04-04,146.480000
2022-04-05,141.330000
2022-04-06,144.270000
2022-04-07,139.550000
2022-04-08,141.510000
2022-04-11,137.910000
2022-04-12,137.620000
2022-04-13,139.860000
2022-04-14,134.390000
2022-04-18,130.940000
2022-04-19,130.940000
2022-04-20,134.180000
2022-04-21,132.720000
2022-04-22,136.220000
2022-04-25,133.420000
2022-04-26,137.430000
2022-04-27,138.090000
2022-04-28,136.350000
2022-04-29,136.690000
2022-05-02,131.400000
2022-05-03,129.000000
2022-05-04,127.750000
2022-05-05,128.650000
2022-05-06,126.210000
2022-05-09,127.050000
2022-05-10,125.860000
2022-05-11,124.510000
2022-05-12,119.910000
2022-05-13,122.090000
2022-05-16,117.530000
2022-05-17,117.680000
2022-05-18,123.460000
2022-05-19,122.660000
2022-05-20,122.320000
2022-05-23,120.550000
2022-05-24,122.960000
2022-05-25,118.850000
2022-05-26,122.280000
2022-05-27,121.250000
2022-05-31,119.100000
2022-06-01,119.300000
2022-06-02,121.400000
2022-06-03,122.250000
2022-06-06,122.360000
2022-06-07,120.660000
2022-06-08,119.130000
2022-06-09,120.660000
2022-06-10,121.640000
2022-06-13,124.140000
2022-06-14,125.160000
2022-06-15,118.360000
2022-06-16,122.480000
2022-06-17,121.150000
2022-06-21,121.380000
2022-06-22,119.220000
2022-06-23,121.110000
2022-06-24,120.430000
2022-06-27,119.980000
2022-06-28,120.460000
2022-06-29,119.260000
2022-06-30,119.940000
2022-07-01,118.590000
2022-07-05,118.190000
2022-07-06,117.450000
2022-07-07,118.760000
2022-07-08,118.130000
2022-07-11,119.800000
2022-07-12,121.330000
2022-07-13,120.410000
2022-07-14,121.920000
2022-07-15,122.480000
2022-07-18,120.550000
2022-07-19,120.040000
2022-07-20,117.240000
2022-07-21,118.710000
2022-07-22,119.150000
2022-07-25,119.460000
2022-07-26,121.290000
2022-07-27,121.920000
2022-07-28,122.670000
2022-07-29,122.290000
2022-08-01,122.940000
2022-08-02,121.780000
2022-08-03,121.160000
2022-08-04,122.810000
2022-08-05,125.970000
2022-08-08,123.690000
2022-08-09,123.910000
2022-08-10,125.040000
2022-08-11,126.840000
2022-08-12,129.340000
2022-08-15,127.620000
2022-08-16,126.090000
2022-08-17,122.060000
2022-08-18,124.220000
2022-08-19,123.680000
2022-08-22,123.930000
2022-08-23,123.830000
2022-08-24,122.780000
2022-08-25,123.100000
2022-08-26,124.570000
2022-08-29,121.970000
2022-08-30,121.010000
2022-08-31,119.710000
2022-09-01,120.740000
2022-09-02,119.810000
2022-09-06,119.840000
2022-09-07,119.050000
2022-09-08,119.080000
2022-09-09,119.660000
2022-09-12,121.060000
2022-09-13,125.460000
2022-09-14,120.190000
2022-09-15,119.970000
2022-09-16,117.710000
2022-09-19,116.260000
2022-09-20,116.690000
2022-09-21,116.210000
2022-09-22,115.860000
2022-09-23,118.990000
2022-09-26,120.010000
2022-09-27,120.390000
2022-09-28,120.380000
2022-09-29,121.540000
2022-09-30,123.590000
2022-10-03,121.380000
2022-10-04,122.460000
2022-10-05,121.780000
2022-10-06,122.440000
2022-10-07,121.810000
2022-10-10,120.070000
2022-10-11,120.120000
2022-10-12,119.990000
2022-10-13,117.820000
2022-10-14,119.300000
2022-10-17,116.970000
2022-10-18,116.880000
2022-10-19,117.260000
2022-10-20,117.410000
2022-10-21,116.190000
2022-10-24,114.970000
2022-10-25,114.640000
2022-10-26,113.860000
2022-10-27,113.230000
2022-10-28,112.060000
2022-10-31,111.960000
2022-11-01,111.440000
2022-11-02,111.990000
2022-11-03,110.340000
2022-11-04,111.620000
2022-11-07,111.670000
2022-11-08,113.550000
2022-11-09,114.360000
2022-11-10,111.420000
2022-11-11,114.090000
2022-11-14,113.670000
2022-11-15,115.940000
2022-11-16,115.560000
2022-11-17,115.240000
2022-11-18,114.970000
2022-11-21,114.520000
2022-11-22,116.240000
2022-11-23,118.650000
2022-11-25,128.110000
2022-11-28,118.470000
2022-11-29,120.380000
2022-11-30,118.470000
2022-12-01,117.790000
2022-12-02,118.110000
2022-12-05,117.750000
2022-12-06,117.110000
2022-12-07,117.810000
2022-12-08,117.540000
2022-12-09,119.240000
2022-12-12,121.860000
2022-12-13,122.730000
2022-12-14,124.230000
2022-12-15,124.490000
2022-12-16,120.040000
2022-12-19,117.090000
2022-12-20,115.570000
2022-12-21,114.250000
2022-12-22,114.420000
2022-12-23,114.570000
2022-12-27,113.440000
2022-12-28,112.030000
2022-12-29,113.270000
2022-12-30,113.570000
2023-01-03,112.740000
2023-01-04,112.140000
2023-01-05,112.670000
2023-01-06,113.860000
2023-01-09,114.420000
2023-01-10,114.650000
2023-01-11,115.100000
2023-01-12,117.390000
2023-01-13,121.700000
2023-01-17,120.010000
2023-01-18,119.910000
2023-01-19,121.230000
2023-01-20,120.190000
2023-01-23,120.910000
2023-01-24,121.340000
2023-01-25,121.040000
2023-01-26,121.490000
2023-01-27,121.970000
2023-01-30,120.690000
2023-01-31,123.290000
2023-02-01,122.190000
2023-02-02,123.880000
2023-02-03,123.080000
2023-02-06,123.010000
2023-02-07,123.360000
2023-02-08,121.520000
2023-02-09,120.580000
2023-02-10,120.880000
2023-02-13,122.480000
2023-02-14,121.270000
2023-02-15,121.360000
2023-02-16,123.090000
2023-02-17,122.890000
2023-02-21,124.090000
2023-02-22,122.810000
2023-02-23,121.850000
2023-02-24,121.220000
2023-02-27,120.540000
2023-02-28,120.010000
2023-03-01,118.890000
2023-03-02,117.580000
2023-03-03,118.140000
2023-03-06,120.190000
2023-03-07,120.560000
2023-03-08,119.320000
2023-03-09,122.220000
2023-03-10,130.270000
2023-03-13,132.140000
2023-03-14,132.720000
2023-03-15,136.620000
2023-03-16,134.530000
2023-03-17,131.340000
2023-03-20,129.910000
2023-03-21,127.460000
2023-03-22,123.160000
2023-03-23,125.500000
2023-03-24,126.880000
2023-03-27,126.000000
2023-03-28,122.900000
2023-03-29,123.760000
2023-03-30,126.310000
2023-03-31,125.850000
2023-04-03,126.210000
2023-04-04,127.030000
2023-04-05,126.980000
2023-04-06,124.420000
2023-04-10,126.960000
2023-04-11,127.420000
2023-04-12,130.000000
2023-04-13,132.360000
2023-04-14,134.650000
2023-04-17,135.040000
2023-04-18,137.120000
2023-04-19,130.480000
2023-04-20,133.490000
2023-04-21,132.940000
2023-04-24,132.400000
2023-04-25,130.290000
2023-04-26,130.500000
2023-04-27,136.600000
2023-04-28,138.440000
2023-05-01,135.660000
2023-05-02,131.090000
2023-05-03,130.410000
2023-05-04,130.540000
2023-05-05,134.320000
2023-05-08,132.320000
2023-05-09,133.880000
2023-05-10,138.630000
2023-05-11,138.180000
2023-05-12,140.260000
2023-05-15,138.570000
2023-05-16,137.320000
2023-05-17,137.530000
2023-05-18,138.060000
2023-05-19,135.520000
2023-05-22,136.240000
2023-05-23,136.420000
2023-05-24,138.370000
2023-05-25,140.730000
2023-05-26,146.460000
2023-05-30,145.140000
2023-05-31,158.300000
2023-06-01,151.980000
2023-06-02,142.610000
2023-06-05,143.180000
2023-06-06,146.270000
2023-06-07,151.010000
2023-06-08,155.530000
2023-06-09,152.780000
2023-06-12,157.710000
2023-06-13,156.440000
2023-06-14,150.370000
2023-06-15,147.860000
2023-06-16,143.070000
2023-06-20,138.750000
2023-06-21,133.720000
2023-06-22,136.150000
2023-06-23,137.850000
2023-06-26,140.090000
2023-06-27,140.560000
2023-06-28,138.370000
2023-06-29,143.050000
2023-06-30,149.960000
2023-07-03,145.240000
2023-07-05,144.080000
2023-07-06,148.450000
2023-07-07,148.130000
2023-07-10,142.490000
2023-07-11,143.990000
2023-07-12,148.320000
2023-07-13,147.080000
2023-07-14,149.480000
2023-07-17,142.240000
2023-07-18,141.860000
2023-07-19,141.250000
2023-07-20,142.820000
2023-07-21,142.550000
2023-07-24,143.750000
2023-07-25,142.180000
2023-07-26,143.580000
2023-07-27,147.930000
2023-07-28,143.480000
2023-07-31,145.470000
2023-08-01,142.570000
2023-08-02,145.750000
2023-08-03,147.380000
2023-08-04,153.350000
2023-08-07,148.540000
2023-08-08,142.300000
2023-08-09,137.120000
2023-08-10,136.580000
2023-08-11,135.160000
2023-08-14,136.900000
2023-08-15,136.690000
2023-08-16,132.090000
2023-08-17,132.510000
2023-08-18,134.770000
2023-08-21,133.590000
2023-08-22,134.060000
2023-08-23,131.820000
2023-08-24,132.480000
2023-08-25,132.270000
2023-08-28,130.190000
2023-08-29,135.230000
2023-08-30,142.140000
2023-08-31,144.700000
2023-09-01,144.280000
2023-09-05,139.620000
2023-09-06,137.880000
2023-09-07,135.590000
2023-09-08,138.180000
2023-09-11,138.210000
2023-09-12,136.250000
2023-09-13,137.420000
2023-09-14,144.320000
2023-09-15,142.920000
2023-09-18,137.650000
2023-09-19,137.310000
2023-09-20,135.740000
2023-09-21,135.940000
2023-09-22,137.740000
2023-09-25,133.060000
2023-09-26,136.300000
2023-09-27,135.380000
2023-09-28,133.480000
2023-09-29,134.500000
2023-10-02,129.170000
2023-10-03,129.780000
2023-10-04,130.680000
2023-10-05,129.750000
2023-10-06,129.360000
2023-10-09,133.640000
2023-10-10,135.170000
2023-10-11,137.610000
2023-10-12,136.130000
2023-10-13,144.300000
2023-10-16,137.950000
2023-10-17,138.720000
2023-10-18,137.100000
2023-10-19,137.730000
2023-10-20,136.740000
2023-10-23,133.920000
2023-10-24,132.440000
2023-10-25,132.290000
2023-10-26,133.380000
2023-10-27,132.740000
2023-10-30,130.130000
2023-10-31,128.210000
2023-11-01,129.820000
2023-11-02,133.800000
2023-11-03,140.090000
2023-11-06,137.890000
2023-11-07,139.520000
2023-11-08,139.410000
2023-11-09,139.280000
2023-11-10,139.810000
2023-11-13,135.270000
2023-11-14,138.380000
2023-11-15,142.980000
2023-11-16,154.450000
2023-11-17,146.880000
2023-11-20,143.780000
2023-11-21,140.800000
2023-11-22,141.550000
2023-11-24,144.540000
2023-11-27,142.200000
2023-11-28,142.680000
2023-11-29,139.820000
2023-11-30,140.910000
2023-12-01,138.040000
2023-12-04,136.040000
2023-12-05,134.760000
2023-12-06,132.500000
2023-12-07,130.840000
2023-12-08,134.100000
2023-12-11,140.900000
2023-12-12,148.830000
2023-12-13,152.020000
2023-12-14,162.510000
2023-12-15,153.260000
2023-12-18,139.360000
2023-12-19,133.180000
2023-12-20,136.860000
2023-12-21,138.180000
2023-12-22,134.460000
2023-12-26,135.690000
2023-12-27,135.640000
2023-12-28,136.900000
2023-12-29,138.050000
2024-01-02,134.800000
2024-01-03,134.230000
2024-01-04,136.600000
2024-01-05,132.680000
2024-01-08,137.050000
2024-01-09,140.950000
2024-01-10,137.400000
2024-01-11,140.360000
2024-01-12,143.810000
2024-01-16,139.940000
2024-01-17,147.760000
2024-01-18,148.150000
2024-01-19,147.760000
2024-01-22,146.010000
2024-01-23,148.120000
2024-01-24,150.250000
2024-01-25,153.050000
2024-01-26,151.360000
2024-01-29,149.030000
2024-01-30,148.730000
2024-01-31,150.210000
2024-02-01,160.080000
2024-02-02,160.020000
2024-02-05,155.490000
2024-02-06,152.820000
2024-02-07,151.410000
2024-02-08,150.360000
2024-02-09,156.620000
2024-02-12,152.800000
2024-02-13,170.520000
2024-02-14,160.400000
2024-02-15,148.900000
2024-02-16,142.620000
2024-02-20,141.450000
2024-02-21,142.720000
2024-02-22,145.910000
2024-02-23,144.000000
2024-02-26,143.600000
2024-02-27,147.290000
2024-02-28,149.090000
2024-02-29,149.830000
2024-03-01,150.420000
2024-03-04,145.940000
2024-03-05,144.900000
2024-03-06,143.640000
2024-03-07,142.940000
2024-03-08,141.180000
2024-03-11,142.270000
2024-03-12,142.230000
2024-03-13,144.170000
2024-03-14,143.950000
2024-03-15,138.910000
2024-03-18,139.970000
2024-03-19,141.610000
2024-03-20,141.190000
2024-03-21,154.000000
2024-03-22,155.840000
2024-03-25,151.600000
2024-03-26,157.600000
2024-03-27,157.110000
2024-03-28,155.440000
2024-04-01,146.330000
2024-04-02,142.140000
2024-04-03,138.520000
2024-04-04,142.490000
2024-04-05,142.640000
2024-04-08,140.630000
2024-04-09,139.280000
2024-04-10,139.940000
2024-04-11,136.160000
2024-04-12,142.310000
2024-04-15,137.720000
2024-04-16,135.600000
2024-04-17,134.380000
2024-04-18,131.800000
2024-04-19,133.400000
2024-04-22,131.680000
2024-04-23,135.610000
2024-04-24,135.060000
2024-04-25,134.080000
2024-04-26,140.860000
2024-04-29,138.300000
2024-04-30,132.400000
2024-05-01,133.350000
2024-05-02,132.120000
2024-05-03,135.180000
2024-05-06,130.080000
2024-05-07,133.640000
2024-05-08,133.240000
2024-05-09,136.460000
2024-05-10,137.300000
2024-05-13,139.650000
2024-05-14,140.180000
2024-05-15,140.640000
2024-05-16,147.850000
2024-05-17,143.050000
2024-05-20,144.540000
2024-05-21,149.520000
2024-05-22,150.140000
2024-05-23,153.330000
2024-05-24,155.860000
2024-05-28,152.230000
2024-05-29,151.800000
2024-05-30,146.610000
2024-05-31,148.100000
2024-06-03,139.010000
2024-06-04,138.180000
2024-06-05,141.400000
2024-06-06,140.180000
2024-06-07,139.610000
2024-06-10,141.560000
2024-06-11,144.700000
2024-06-12,150.660000
2024-06-13,162.250000
2024-06-14,156.180000
2024-06-17,153.840000
2024-06-18,142.900000
2024-06-20,148.600000
2024-06-21,151.790000
2024-06-24,147.130000
2024-06-25,146.640000
2024-06-26,143.490000
2024-06-27,143.060000
2024-06-28,141.790000
2024-07-01,145.820000
2024-07-02,147.160000
2024-07-03,148.830000
2024-07-05,150.200000
2024-07-08,148.530000
2024-07-09,151.090000
2024-07-10,156.960000
2024-07-11,152.230000
2024-07-12,150.860000
2024-07-15,147.400000
2024-07-16,151.530000
2024-07-17,146.390000
2024-07-18,151.120000
2024-07-19,146.990000
2024-07-22,141.380000
2024-07-23,137.000000
2024-07-24,136.840000
2024-07-25,134.170000
2024-07-26,131.730000
2024-07-29,128.930000
2024-07-30,127.310000
2024-07-31,136.690000
2024-08-01,132.230000
2024-08-02,139.650000
2024-08-05,145.300000
2024-08-06,145.430000
2024-08-07,146.360000
2024-08-08,147.370000
2024-08-09,144.520000
2024-08-12,140.820000
2024-08-13,143.870000
2024-08-14,141.820000
2024-08-15,143.560000
2024-08-16,142.550000
2024-08-19,141.500000
2024-08-20,146.260000
2024-08-21,149.670000
2024-08-22,154.160000
2024-08-23,153.950000
2024-08-26,151.500000
2024-08-27,151.830000
2024-08-28,151.680000
2024-08-29,153.010000
2024-08-30,159.000000
2024-09-03,163.600000
2024-09-04,160.900000
2024-09-05,156.710000
2024-09-06,148.980000
2024-09-09,140.330000
2024-09-10,139.750000
2024-09-11,139.730000
2024-09-12,145.880000
2024-09-13,149.990000
2024-09-16,152.170000
2024-09-17,157.540000
2024-09-18,167.420000
2024-09-19,171.720000
2024-09-20,165.750000
2024-09-23,165.600000
2024-09-24,162.410000
2024-09-25,160.480000
2024-09-26,158.670000
2024-09-27,160.990000
2024-09-30,154.300000
2024-10-01,158.590000
2024-10-02,161.500000
2024-10-03,162.780000
2024-10-04,156.430000
2024-10-07,155.570000
2024-10-08,156.280000
2024-10-09,156.930000
2024-10-10,154.090000
2024-10-11,159.430000
2024-10-14,153.080000
2024-10-15,159.690000
2024-10-16,161.850000
2024-10-17,165.820000
2024-10-18,155.550000
2024-10-21,150.970000
2024-10-22,146.800000
2024-10-23,146.970000
2024-10-24,144.710000
2024-10-25,148.910000
2024-10-28,148.460000
2024-10-29,150.740000
2024-10-30,153.450000
2024-10-31,152.070000
2024-11-01,146.660000
2024-11-04,148.950000
2024-11-05,152.680000
2024-11-06,148.110000
2024-11-07,152.120000
2024-11-08,150.340000
2024-11-11,140.320000
2024-11-12,141.500000
2024-11-13,142.920000
2024-11-14,147.980000
2024-11-15,149.550000
2024-11-18,147.330000
2024-11-19,149.460000
2024-11-20,153.000000
2024-11-21,155.720000
2024-11-22,161.640000
2024-11-25,167.280000
2024-11-26,166.230000
2024-11-27,167.940000
2024-12-02,170.650000
2024-12-03,170.230000
2024-12-04,172.450000
2024-12-05,173.930000
2024-12-06,168.050000
2024-12-09,163.140000
2024-12-10,165.120000
2024-12-11,169.060000
2024-12-12,167.430000
2024-12-13,169.910000
2024-12-16,166.790000
2024-12-17,173.040000
2024-12-18,168.920000
2024-12-19,163.100000
2024-12-20,161.210000
2024-12-23,170.650000
2024-12-24,180.090000
2024-12-26,173.720000
2024-12-27,167.920000
2024-12-30,161.080000
2024-12-31,169.160000
